{
  "followers": 565,
  "totalViews": 319887,
  "itemCount": 175,
  "fetchedAt": "2026-07-24T06:24:59.896Z",
  "analytics": {
    "retentionPercent": 20.77,
    "age18to34Percent": 57.00000000000001,
    "malePercent": 82.4,
    "femalePercent": 17.2,
    "topGeos": [
      "US",
      "GB",
      "IN"
    ],
    "views30Days": 12523,
    "tvViewershipPercent": 6.78982725527831,
    "searchTrafficPercent": 35.797634271099746,
    "unsubscribedPercent": 98.9769820971867,
    "impressions": 0
  }
}